{
  "wrist": { "x": 2.7755575615628907e-17, "y": -2.081668171172168e-17, "z": 0 },
  "thumb-metacarpal": {
    "x": -0.02384714673299603,
    "y": -0.022987655249047657,
    "z": -0.03763871191222922
  },
  "thumb-phalanx-proximal": {
    "x": -0.03308626027118335,
    "y": -0.04508883528443511,
    "z": -0.05962204778742185
  },
  "thumb-phalanx-distal": {
    "x": -0.016336485755889387,
    "y": -0.061039815020953105,
    "z": -0.08425910501927446
  },
  "thumb-tip": {
    "x": 0.006944751542715453,
    "y": -0.06292011199277818,
    "z": -0.09204753936619713
  },
  "index-finger-metacarpal": {
    "x": -0.015884490024000854,
    "y": -0.009419838863374155,
    "z": -0.04102815978947893
  },
  "index-finger-phalanx-proximal": {
    "x": -0.023550664223819955,
    "y": -0.007316449568745031,
    "z": -0.09599622660821658
  },
  "index-finger-phalanx-intermediate": {
    "x": -0.016601076483264945,
    "y": -0.03834553270804966,
    "z": -0.11666940155550262
  },
  "index-finger-phalanx-distal": {
    "x": -0.021548002241300736,
    "y": -0.04535715139716549,
    "z": -0.09393106791427094
  },
  "index-finger-tip": {
    "x": -0.025660721642285382,
    "y": -0.027198196527249363,
    "z": -0.08149735200631823
  },
  "middle-finger-metacarpal": {
    "x": -0.003259141860595476,
    "y": -0.009419834734740359,
    "z": -0.040878737348051024
  },
  "middle-finger-phalanx-proximal": {
    "x": -0.0017259171530402402,
    "y": -0.002543149768364401,
    "z": -0.09564662266233057
  },
  "middle-finger-phalanx-intermediate": {
    "x": 0.002127874100325777,
    "y": -0.04142493470138388,
    "z": -0.11342535563807563
  },
  "middle-finger-phalanx-distal": {
    "x": -0.0044742245496612034,
    "y": -0.0471145458549642,
    "z": -0.08729069519996945
  },
  "middle-finger-tip": {
    "x": -0.011105077699854997,
    "y": -0.02795685846248358,
    "z": -0.072673911382504
  },
  "ring-finger-metacarpal": {
    "x": 0.008265829694065778,
    "y": -0.009419828726882426,
    "z": -0.03790713032549153
  },
  "ring-finger-phalanx-proximal": {
    "x": 0.017465241381193593,
    "y": -0.006529303776650805,
    "z": -0.08869379122599162
  },
  "ring-finger-phalanx-intermediate": {
    "x": 0.01801578909043749,
    "y": -0.043780216023519364,
    "z": -0.10021607971572263
  },
  "ring-finger-phalanx-distal": {
    "x": 0.007312165817979886,
    "y": -0.04915001652083565,
    "z": -0.07649389183487552
  },
  "ring-finger-tip": {
    "x": 0.0008715312337068402,
    "y": -0.03065497320032462,
    "z": -0.061972659935100025
  },
  "pinky-finger-metacarpal": {
    "x": 0.022998566338316952,
    "y": -0.009419841076791604,
    "z": -0.034073577438737616
  },
  "pinky-finger-phalanx-proximal": {
    "x": 0.03505408063160736,
    "y": -0.013691186298529171,
    "z": -0.07789584766327161
  },
  "pinky-finger-phalanx-intermediate": {
    "x": 0.02972399618083054,
    "y": -0.04271821240211293,
    "z": -0.08642613246909968
  },
  "pinky-finger-phalanx-distal": {
    "x": 0.019889844862590374,
    "y": -0.0468247825094158,
    "z": -0.06913514861673407
  },
  "pinky-finger-tip": {
    "x": 0.013221119879624096,
    "y": -0.03132430989745187,
    "z": -0.055085472868147786
  }
}
