{
  "wrist": {
    "x": -1.1102230246251565e-16,
    "y": 0,
    "z": -5.551115123125783e-17
  },
  "thumb-metacarpal": {
    "x": 0.02513532121792239,
    "y": -0.021997460593200513,
    "z": -0.037224235125286165
  },
  "thumb-phalanx-proximal": {
    "x": 0.03654015968328328,
    "y": -0.04317109925361293,
    "z": -0.05910333149791824
  },
  "thumb-phalanx-distal": {
    "x": 0.028643153434826263,
    "y": -0.06167192885351801,
    "z": -0.08625717661639953
  },
  "thumb-tip": {
    "x": 0.006244458817240672,
    "y": -0.06528783935094126,
    "z": -0.09581930764955149
  },
  "index-finger-metacarpal": {
    "x": 0.01588448516292318,
    "y": -0.009419836305968238,
    "z": -0.041028155986662096
  },
  "index-finger-phalanx-proximal": {
    "x": 0.023550665077702537,
    "y": -0.007316456588132819,
    "z": -0.09599623155208725
  },
  "index-finger-phalanx-intermediate": {
    "x": 0.018108173704007968,
    "y": -0.03767505222788681,
    "z": -0.11806920732486792
  },
  "index-finger-phalanx-distal": {
    "x": 0.021409970753769603,
    "y": -0.045403917153998524,
    "z": -0.09526502649837176
  },
  "index-finger-tip": {
    "x": 0.024618889509974595,
    "y": -0.027673756304334357,
    "z": -0.08197581725771175
  },
  "middle-finger-metacarpal": {
    "x": 0.003259146762088383,
    "y": -0.009419829294183918,
    "z": -0.040878739718022694
  },
  "middle-finger-phalanx-proximal": {
    "x": 0.001725898883771726,
    "y": -0.002543150635765018,
    "z": -0.09564660776244815
  },
  "middle-finger-phalanx-intermediate": {
    "x": -0.00013324474065345981,
    "y": -0.042115870064003164,
    "z": -0.11217755728663636
  },
  "middle-finger-phalanx-distal": {
    "x": 0.004116737892036815,
    "y": -0.0461638223625736,
    "z": -0.08526044477716399
  },
  "middle-finger-tip": {
    "x": 0.009146338048893088,
    "y": -0.026345186151736505,
    "z": -0.070888199108179
  },
  "ring-finger-metacarpal": {
    "x": -0.008265815874856197,
    "y": -0.009419828801053493,
    "z": -0.03790714493254155
  },
  "ring-finger-phalanx-proximal": {
    "x": -0.017465235325933803,
    "y": -0.006529307269537349,
    "z": -0.08869380267822857
  },
  "ring-finger-phalanx-intermediate": {
    "x": -0.016385065567105728,
    "y": -0.04461593440259906,
    "z": -0.09699664600295188
  },
  "ring-finger-phalanx-distal": {
    "x": -0.006964838426206543,
    "y": -0.046198990955608116,
    "z": -0.07219951455310458
  },
  "ring-finger-tip": {
    "x": -0.0015861155084962997,
    "y": -0.026872939634934506,
    "z": -0.05834360181194753
  },
  "pinky-finger-metacarpal": {
    "x": -0.02299859437846763,
    "y": -0.009419841820617392,
    "z": -0.03407354261504014
  },
  "pinky-finger-phalanx-proximal": {
    "x": -0.03505405591643029,
    "y": -0.013691189204674131,
    "z": -0.0778958610254844
  },
  "pinky-finger-phalanx-intermediate": {
    "x": -0.027155435009137086,
    "y": -0.04328215004094599,
    "z": -0.08028961473092211
  },
  "pinky-finger-phalanx-distal": {
    "x": -0.01917536795927366,
    "y": -0.04274806063355385,
    "z": -0.061619169942044305
  },
  "pinky-finger-tip": {
    "x": -0.013560539305998431,
    "y": -0.026483213159008145,
    "z": -0.047978837680813236
  }
}
