{
  "wrist": {
    "x": -5.551115123125783e-17,
    "y": 0,
    "z": -1.1102230246251565e-16
  },
  "thumb-metacarpal": {
    "x": 0.030840599831214843,
    "y": -0.014941544494338155,
    "z": -0.03393628237759494
  },
  "thumb-phalanx-proximal": {
    "x": 0.0528115327741992,
    "y": -0.023959545253225745,
    "z": -0.056140876973615916
  },
  "thumb-phalanx-distal": {
    "x": 0.07514260483689533,
    "y": -0.028865694243722706,
    "z": -0.08102516506030766
  },
  "thumb-tip": {
    "x": 0.0976825294151969,
    "y": -0.03032767745998116,
    "z": -0.0908244210355158
  },
  "index-finger-metacarpal": {
    "x": 0.015884480315322025,
    "y": -0.009419818600975405,
    "z": -0.04102815092492551
  },
  "index-finger-phalanx-proximal": {
    "x": 0.02355067975047176,
    "y": -0.007316452376387006,
    "z": -0.095996235187778
  },
  "index-finger-phalanx-intermediate": {
    "x": 0.024053609085239847,
    "y": -0.011123635577916624,
    "z": -0.1337286052648582
  },
  "index-finger-phalanx-distal": {
    "x": 0.02399652376973893,
    "y": -0.016384600650889314,
    "z": -0.15745596400067308
  },
  "index-finger-tip": {
    "x": 0.022435971407285094,
    "y": -0.018944783804315857,
    "z": -0.1796431252562921
  },
  "middle-finger-metacarpal": {
    "x": 0.003259158428915665,
    "y": -0.009419849372726885,
    "z": -0.04087874673706238
  },
  "middle-finger-phalanx-proximal": {
    "x": 0.0017258983017880425,
    "y": -0.0025431475949697635,
    "z": -0.09564659159077815
  },
  "middle-finger-phalanx-intermediate": {
    "x": -0.008622597332339887,
    "y": -0.011660612296019834,
    "z": -0.13629765305273145
  },
  "middle-finger-phalanx-distal": {
    "x": -0.015345772837787597,
    "y": -0.019184564465859588,
    "z": -0.16193298226013497
  },
  "middle-finger-tip": {
    "x": -0.022538044690547265,
    "y": -0.02067776064471505,
    "z": -0.18582182183254192
  },
  "ring-finger-metacarpal": {
    "x": -0.008265798010147818,
    "y": -0.009419853123603106,
    "z": -0.03790716119815862
  },
  "ring-finger-phalanx-proximal": {
    "x": -0.017465225509489313,
    "y": -0.006529326133826507,
    "z": -0.08869380342831246
  },
  "ring-finger-phalanx-intermediate": {
    "x": -0.03352056081339094,
    "y": -0.018281572153214465,
    "z": -0.12223195553031585
  },
  "ring-finger-phalanx-distal": {
    "x": -0.0441357160813326,
    "y": -0.02789384866931205,
    "z": -0.14461649534264076
  },
  "ring-finger-tip": {
    "x": -0.05296497344393841,
    "y": -0.03617127804332165,
    "z": -0.16578113747503276
  },
  "pinky-finger-metacarpal": {
    "x": -0.022998573338972872,
    "y": -0.009419833736711125,
    "z": -0.03407355147595126
  },
  "pinky-finger-phalanx-proximal": {
    "x": -0.03505405383892829,
    "y": -0.013691206192708916,
    "z": -0.0778958509057901
  },
  "pinky-finger-phalanx-intermediate": {
    "x": -0.05205345498618619,
    "y": -0.022599107127135754,
    "z": -0.1018836500908058
  },
  "pinky-finger-phalanx-distal": {
    "x": -0.06451024877901379,
    "y": -0.02895245914202188,
    "z": -0.11661507290244544
  },
  "pinky-finger-tip": {
    "x": -0.07457697329118002,
    "y": -0.038750790108164845,
    "z": -0.13349062021108804
  }
}
