{
  "wrist": { "x": 0, "y": 0, "z": -1.1102230246251563e-16 },
  "thumb-metacarpal": {
    "x": 0.01848333135980201,
    "y": -0.025914801425478466,
    "z": -0.038714185026382235
  },
  "thumb-phalanx-proximal": {
    "x": 0.024902645155449647,
    "y": -0.03306406035545583,
    "z": -0.06977491690295466
  },
  "thumb-phalanx-distal": {
    "x": 0.003610743167580032,
    "y": -0.0341375107234611,
    "z": -0.09599468271633002
  },
  "thumb-tip": {
    "x": -0.020773974926745483,
    "y": -0.031863480421761285,
    "z": -0.09852923277904621
  },
  "index-finger-metacarpal": {
    "x": 0.015884500681292265,
    "y": -0.009419856082946708,
    "z": -0.04102817886812204
  },
  "index-finger-phalanx-proximal": {
    "x": 0.023550683271330523,
    "y": -0.0073164635691528295,
    "z": -0.09599624081445143
  },
  "index-finger-phalanx-intermediate": {
    "x": 0.024927470695123237,
    "y": -0.009784575443654962,
    "z": -0.13381809835539624
  },
  "index-finger-phalanx-distal": {
    "x": 0.025458691192585862,
    "y": -0.011506265534992009,
    "z": -0.15805487343504318
  },
  "index-finger-tip": {
    "x": 0.02442398760132413,
    "y": -0.010385870161515097,
    "z": -0.18039167429657751
  },
  "middle-finger-metacarpal": {
    "x": 0.0032591413267258887,
    "y": -0.009419826699840648,
    "z": -0.04087872654719026
  },
  "middle-finger-phalanx-proximal": {
    "x": 0.001725917246154895,
    "y": -0.0025431741262348924,
    "z": -0.09564662099759422
  },
  "middle-finger-phalanx-intermediate": {
    "x": -0.007729000277370333,
    "y": 0.002077541275600891,
    "z": -0.13726369302783256
  },
  "middle-finger-phalanx-distal": {
    "x": -0.013939764570025267,
    "y": 0.0010781110133822878,
    "z": -0.16408545727112986
  },
  "middle-finger-tip": {
    "x": -0.02040085874922048,
    "y": 0.005884043256335845,
    "z": -0.18774539460415823
  },
  "ring-finger-metacarpal": {
    "x": -0.008265805268723279,
    "y": -0.009419853762492878,
    "z": -0.03790716459666187
  },
  "ring-finger-phalanx-proximal": {
    "x": -0.01746524334010918,
    "y": -0.006529319842668855,
    "z": -0.08869379924816377
  },
  "ring-finger-phalanx-intermediate": {
    "x": -0.030609040307359107,
    "y": -0.0051859059883389005,
    "z": -0.12538347312325046
  },
  "ring-finger-phalanx-distal": {
    "x": -0.03955423531617685,
    "y": -0.005401946539785262,
    "z": -0.1504050907862526
  },
  "ring-finger-tip": {
    "x": -0.047050320096400075,
    "y": -0.002674994023136423,
    "z": -0.17344390404403973
  },
  "pinky-finger-metacarpal": {
    "x": -0.02299857542524941,
    "y": -0.00941984858731326,
    "z": -0.034073566438002405
  },
  "pinky-finger-phalanx-proximal": {
    "x": -0.035054059570319866,
    "y": -0.01369119425457965,
    "z": -0.07789585773911277
  },
  "pinky-finger-phalanx-intermediate": {
    "x": -0.048428335481055004,
    "y": -0.014117484075504613,
    "z": -0.10554889337439574
  },
  "pinky-finger-phalanx-distal": {
    "x": -0.058875356965075495,
    "y": -0.014273580948196748,
    "z": -0.12296694352389789
  },
  "pinky-finger-tip": {
    "x": -0.0685921491126074,
    "y": -0.011606409375577107,
    "z": -0.14247593536346934
  }
}
