{
  "wrist": {
    "x": -2.220446049250313e-16,
    "y": 8.326672684688674e-17,
    "z": -1.1102230246251565e-16
  },
  "thumb-metacarpal": {
    "x": 0.0280228948546134,
    "y": -0.019164259282656665,
    "z": -0.03596143936230267
  },
  "thumb-phalanx-proximal": {
    "x": 0.04498295689265963,
    "y": -0.02788793286012628,
    "z": -0.062292847047011435
  },
  "thumb-phalanx-distal": {
    "x": 0.06436322201255507,
    "y": -0.03128903794313084,
    "z": -0.08976674290735365
  },
  "thumb-tip": {
    "x": 0.0856907707373169,
    "y": -0.03314263030735112,
    "z": -0.10192852914776385
  },
  "index-finger-metacarpal": {
    "x": 0.015884504630372054,
    "y": -0.009419844616702866,
    "z": -0.04102817614664278
  },
  "index-finger-phalanx-proximal": {
    "x": 0.023550675175546876,
    "y": -0.007316460260305524,
    "z": -0.09599624249427474
  },
  "index-finger-phalanx-intermediate": {
    "x": 0.03110841044778212,
    "y": -0.006992559459766318,
    "z": -0.1331615140304946
  },
  "index-finger-phalanx-distal": {
    "x": 0.03561188505108437,
    "y": -0.007644683714172373,
    "z": -0.15703536656617179
  },
  "index-finger-tip": {
    "x": 0.038297649215908613,
    "y": -0.007726258985809115,
    "z": -0.1792623253310618
  },
  "middle-finger-metacarpal": {
    "x": 0.003259147893470371,
    "y": -0.009419839842030958,
    "z": -0.04087873821390764
  },
  "middle-finger-phalanx-proximal": {
    "x": 0.0017258923489748002,
    "y": -0.0025431477789408796,
    "z": -0.09564659321933167
  },
  "middle-finger-phalanx-intermediate": {
    "x": -0.0022035533602250412,
    "y": 0.004592972568403492,
    "z": -0.13779354105893715
  },
  "middle-finger-phalanx-distal": {
    "x": -0.004965111016318913,
    "y": 0.009200990988232766,
    "z": -0.16481423745985502
  },
  "middle-finger-tip": {
    "x": -0.00793539401617338,
    "y": 0.014565241453079053,
    "z": -0.18904310120610945
  },
  "ring-finger-metacarpal": {
    "x": -0.008265827068848264,
    "y": -0.009419822491447793,
    "z": -0.037907137090978926
  },
  "ring-finger-phalanx-proximal": {
    "x": -0.017465239709455904,
    "y": -0.00652930685671077,
    "z": -0.08869380436386409
  },
  "ring-finger-phalanx-intermediate": {
    "x": -0.027947091292658266,
    "y": -0.002524307572149942,
    "z": -0.1260406325359963
  },
  "ring-finger-phalanx-distal": {
    "x": -0.034549796590299775,
    "y": -0.004293329491623948,
    "z": -0.15171984552859874
  },
  "ring-finger-tip": {
    "x": -0.03965706196150187,
    "y": -0.004805806759369313,
    "z": -0.17555395950824781
  },
  "pinky-finger-metacarpal": {
    "x": -0.02299859349347866,
    "y": -0.009419827736674352,
    "z": -0.03407353628938725
  },
  "pinky-finger-phalanx-proximal": {
    "x": -0.03505405974029352,
    "y": -0.013691181351947274,
    "z": -0.07789586264535175
  },
  "pinky-finger-phalanx-intermediate": {
    "x": -0.04204922219338847,
    "y": -0.019440957120254843,
    "z": -0.10725144910980833
  },
  "pinky-finger-phalanx-distal": {
    "x": -0.03504717781472044,
    "y": -0.038507269480407946,
    "z": -0.10725717369916599
  },
  "pinky-finger-tip": {
    "x": -0.02226457461753817,
    "y": -0.04852359965247624,
    "z": -0.092478520822181
  }
}
