{
  "wrist": { "x": 1.3877787807814454e-17, "y": 2.7755575615628907e-17, "z": 0 },
  "thumb-metacarpal": {
    "x": -0.022680920269762855,
    "y": -0.023773979394855725,
    "z": -0.03795405504953763
  },
  "thumb-phalanx-proximal": {
    "x": -0.02995575323923589,
    "y": -0.04669837332564596,
    "z": -0.05983186855779375
  },
  "thumb-phalanx-distal": {
    "x": -0.014844942718593834,
    "y": -0.06347790274702007,
    "z": -0.08497318799686791
  },
  "thumb-tip": {
    "x": -0.0001898701105911837,
    "y": -0.07531011792493127,
    "z": -0.1008300121610782
  },
  "index-finger-metacarpal": {
    "x": -0.015884486224629967,
    "y": -0.009419847226586784,
    "z": -0.04102816798435515
  },
  "index-finger-phalanx-proximal": {
    "x": -0.02355068130569838,
    "y": -0.007316443902775053,
    "z": -0.09599623174062297
  },
  "index-finger-phalanx-intermediate": {
    "x": -0.016550034637180366,
    "y": -0.03785817752830583,
    "z": -0.11736625778312723
  },
  "index-finger-phalanx-distal": {
    "x": -0.019694137164209823,
    "y": -0.05371800273667306,
    "z": -0.09922107289521662
  },
  "index-finger-tip": {
    "x": -0.023770792681097865,
    "y": -0.05645843177518779,
    "z": -0.07737771263054659
  },
  "middle-finger-metacarpal": {
    "x": -0.0032591509272219396,
    "y": -0.009419840315205234,
    "z": -0.04087875436662002
  },
  "middle-finger-phalanx-proximal": {
    "x": -0.0017259013645552625,
    "y": -0.002543174514354096,
    "z": -0.09564663220379085
  },
  "middle-finger-phalanx-intermediate": {
    "x": 0.00668249975991257,
    "y": -0.005159577854902119,
    "z": -0.1376606742065328
  },
  "middle-finger-phalanx-distal": {
    "x": 0.011361899526957276,
    "y": -0.017759106658803144,
    "z": -0.16170919423912275
  },
  "middle-finger-tip": {
    "x": 0.015631093232401232,
    "y": -0.030450481286509255,
    "z": -0.1828122747926849
  },
  "ring-finger-metacarpal": {
    "x": 0.008265809909095213,
    "y": -0.00941982150842388,
    "z": -0.03790712685738117
  },
  "ring-finger-phalanx-proximal": {
    "x": 0.017465248011412065,
    "y": -0.006529295245144838,
    "z": -0.08869380242246226
  },
  "ring-finger-phalanx-intermediate": {
    "x": 0.023563602366234303,
    "y": -0.035983681367604485,
    "z": -0.11351203255754214
  },
  "ring-finger-phalanx-distal": {
    "x": 0.015126747188127215,
    "y": -0.0579292108519026,
    "z": -0.10112823798811563
  },
  "ring-finger-tip": {
    "x": 0.0039418382832393925,
    "y": -0.056964477436875424,
    "z": -0.0794861614005463
  },
  "pinky-finger-metacarpal": {
    "x": 0.02299857664967361,
    "y": -0.009419831033228713,
    "z": -0.03407354357335623
  },
  "pinky-finger-phalanx-proximal": {
    "x": 0.03505406947328129,
    "y": -0.013691191565328439,
    "z": -0.07789586649737411
  },
  "pinky-finger-phalanx-intermediate": {
    "x": 0.03389688816685516,
    "y": -0.039036423712270694,
    "z": -0.09521704248622384
  },
  "pinky-finger-phalanx-distal": {
    "x": 0.026424475229250767,
    "y": -0.0571623251759029,
    "z": -0.0899097727010426
  },
  "pinky-finger-tip": {
    "x": 0.014131458802036184,
    "y": -0.07135511335863375,
    "z": -0.07852658057040517
  }
}
