{
  "wrist": { "x": 0, "y": 2.7755575615628914e-17, "z": 0 },
  "thumb-metacarpal": {
    "x": 0.026851095476938536,
    "y": -0.02043596032788854,
    "z": -0.03654022823689529
  },
  "thumb-phalanx-proximal": {
    "x": 0.041913567269965535,
    "y": -0.025602334160168015,
    "z": -0.06488663267448269
  },
  "thumb-phalanx-distal": {
    "x": 0.058908675892983986,
    "y": -0.02545746651538859,
    "z": -0.09409487531137051
  },
  "thumb-tip": {
    "x": 0.07714633889389122,
    "y": -0.026176849321766844,
    "z": -0.11061997347328689
  },
  "index-finger-metacarpal": {
    "x": 0.015884477160095667,
    "y": -0.009419831435092466,
    "z": -0.041028150431395294
  },
  "index-finger-phalanx-proximal": {
    "x": 0.023550677378166518,
    "y": -0.007316456470034913,
    "z": -0.09599623801399648
  },
  "index-finger-phalanx-intermediate": {
    "x": 0.01794019458434981,
    "y": -0.04266358615844538,
    "z": -0.10854944331227634
  },
  "index-finger-phalanx-distal": {
    "x": 0.022634257955106873,
    "y": -0.04767818770068573,
    "z": -0.08523664175809498
  },
  "index-finger-tip": {
    "x": 0.02701297281483872,
    "y": -0.0331580418050194,
    "z": -0.06876693605518669
  },
  "middle-finger-metacarpal": {
    "x": 0.0032591297349375825,
    "y": -0.009419831293879799,
    "z": -0.04087871859207248
  },
  "middle-finger-phalanx-proximal": {
    "x": 0.0017259007765089152,
    "y": -0.0025431606779299024,
    "z": -0.09564661011637754
  },
  "middle-finger-phalanx-intermediate": {
    "x": 0.00024297430860587,
    "y": -0.04489248634876759,
    "z": -0.10250684797854404
  },
  "middle-finger-phalanx-distal": {
    "x": 0.007020384375596933,
    "y": -0.04894411856665382,
    "z": -0.07611308062169386
  },
  "middle-finger-tip": {
    "x": 0.013869612877032811,
    "y": -0.032127075866507544,
    "z": -0.05894009712243453
  },
  "ring-finger-metacarpal": {
    "x": -0.008265820613735264,
    "y": -0.009419827191578072,
    "z": -0.03790713775785792
  },
  "ring-finger-phalanx-proximal": {
    "x": -0.017465237040341974,
    "y": -0.0065293140260461804,
    "z": -0.08869380793380888
  },
  "ring-finger-phalanx-intermediate": {
    "x": -0.014634272102910462,
    "y": -0.04535765050449076,
    "z": -0.09093941564928121
  },
  "ring-finger-phalanx-distal": {
    "x": -0.005593303995940546,
    "y": -0.04778064012545702,
    "z": -0.06606903032567568
  },
  "ring-finger-tip": {
    "x": 0.0006319581690773513,
    "y": -0.030567062636659745,
    "z": -0.049964615999107176
  },
  "pinky-finger-metacarpal": {
    "x": -0.022998588138316012,
    "y": -0.009419839452114158,
    "z": -0.03407354813738095
  },
  "pinky-finger-phalanx-proximal": {
    "x": -0.03505404481854024,
    "y": -0.01369118198847838,
    "z": -0.07789586317136277
  },
  "pinky-finger-phalanx-intermediate": {
    "x": -0.02724552504435679,
    "y": -0.04332816947343255,
    "z": -0.0799979492355376
  },
  "pinky-finger-phalanx-distal": {
    "x": -0.018026076147098113,
    "y": -0.04511622231759865,
    "z": -0.06198802836314421
  },
  "pinky-finger-tip": {
    "x": -0.011522822381425657,
    "y": -0.029187211221202013,
    "z": -0.048346001445490394
  }
}
