{
  "wrist": {
    "x": 5.551115123125783e-17,
    "y": 5.551115123125783e-17,
    "z": -1.1102230246251565e-16
  },
  "thumb-metacarpal": {
    "x": -0.02559978749888242,
    "y": -0.021604715615500286,
    "z": -0.03705535045253294
  },
  "thumb-phalanx-proximal": {
    "x": -0.036953907898124055,
    "y": -0.04504294110297202,
    "z": -0.05651873979596489
  },
  "thumb-phalanx-distal": {
    "x": -0.03360672124799738,
    "y": -0.06657573031746183,
    "z": -0.08234716425220256
  },
  "thumb-tip": {
    "x": -0.02169715785852061,
    "y": -0.08022203936239587,
    "z": -0.09902499865054637
  },
  "index-finger-metacarpal": {
    "x": -0.015884487185647417,
    "y": -0.009419839067532687,
    "z": -0.04102813914580983
  },
  "index-finger-phalanx-proximal": {
    "x": -0.0235506764215071,
    "y": -0.007316454453875021,
    "z": -0.0959962282307456
  },
  "index-finger-phalanx-intermediate": {
    "x": -0.021307459606025952,
    "y": -0.03769512993178614,
    "z": -0.11859237177613202
  },
  "index-finger-phalanx-distal": {
    "x": -0.02002640681650847,
    "y": -0.06108805175470798,
    "z": -0.11212716392278399
  },
  "index-finger-tip": {
    "x": -0.01830004957950032,
    "y": -0.07837319953317555,
    "z": -0.09800266084367915
  },
  "middle-finger-metacarpal": {
    "x": -0.003259147220435049,
    "y": -0.009419840747069613,
    "z": -0.04087872396592185
  },
  "middle-finger-phalanx-proximal": {
    "x": -0.0017259080426736961,
    "y": -0.0025431531667129414,
    "z": -0.09564662735805907
  },
  "middle-finger-phalanx-intermediate": {
    "x": 0.00479054973108356,
    "y": -0.021400269166054878,
    "z": -0.1336554306039316
  },
  "middle-finger-phalanx-distal": {
    "x": 0.007741873930740606,
    "y": -0.042138673020766945,
    "z": -0.15154922812209481
  },
  "middle-finger-tip": {
    "x": 0.011568168857793049,
    "y": -0.05844606950108554,
    "z": -0.17009821169710826
  },
  "ring-finger-metacarpal": {
    "x": 0.008265810815267505,
    "y": -0.009419840010187197,
    "z": -0.037907156929763985
  },
  "ring-finger-phalanx-proximal": {
    "x": 0.017465244683313896,
    "y": -0.0065293122002070825,
    "z": -0.08869382221158872
  },
  "ring-finger-phalanx-intermediate": {
    "x": 0.025760471900124926,
    "y": -0.013079046794905652,
    "z": -0.12623021815289281
  },
  "ring-finger-phalanx-distal": {
    "x": 0.029220001060090206,
    "y": -0.0267777216832598,
    "z": -0.14873639203817535
  },
  "ring-finger-tip": {
    "x": 0.031060256562253585,
    "y": -0.03978125538709813,
    "z": -0.16927741853640266
  },
  "pinky-finger-metacarpal": {
    "x": 0.022998574173921704,
    "y": -0.00941983601107202,
    "z": -0.034073529335050035
  },
  "pinky-finger-phalanx-proximal": {
    "x": 0.03505406008265638,
    "y": -0.013691181150003229,
    "z": -0.07789584756090007
  },
  "pinky-finger-phalanx-intermediate": {
    "x": 0.048025285650000915,
    "y": -0.015544836098309145,
    "z": -0.10568171246238534
  },
  "pinky-finger-phalanx-distal": {
    "x": 0.05551760816207724,
    "y": -0.023778873905922912,
    "z": -0.12267049343459735
  },
  "pinky-finger-tip": {
    "x": 0.06229024905633751,
    "y": -0.03051271905467684,
    "z": -0.14244209235220884
  }
}
