{
  "wrist": { "x": 1.1102230246251565e-16, "y": -5.551115123125783e-17, "z": 0 },
  "thumb-metacarpal": {
    "x": 0.029476972508471144,
    "y": -0.017257791876620188,
    "z": -0.035064648180890945
  },
  "thumb-phalanx-proximal": {
    "x": 0.0479598753501691,
    "y": -0.020713976625816255,
    "z": -0.061588745919912036
  },
  "thumb-phalanx-distal": {
    "x": 0.06827420889526492,
    "y": -0.018272967056005174,
    "z": -0.08848378790838529
  },
  "thumb-tip": {
    "x": 0.08819532757838411,
    "y": -0.016517808313122828,
    "z": -0.10284619450829047
  },
  "index-finger-metacarpal": {
    "x": 0.015884493781455733,
    "y": -0.009419844383722953,
    "z": -0.04102816384276575
  },
  "index-finger-phalanx-proximal": {
    "x": 0.02355068755988443,
    "y": -0.007316462476528951,
    "z": -0.09599624085592395
  },
  "index-finger-phalanx-intermediate": {
    "x": 0.02040921314029076,
    "y": -0.0426006486090908,
    "z": -0.10954749953772047
  },
  "index-finger-phalanx-distal": {
    "x": 0.021548740078289108,
    "y": -0.04389547355606527,
    "z": -0.0853051486570705
  },
  "index-finger-tip": {
    "x": 0.023193563659019256,
    "y": -0.025588808788748085,
    "z": -0.07252151750046654
  },
  "middle-finger-metacarpal": {
    "x": 0.0032591391959964078,
    "y": -0.009419834877458788,
    "z": -0.040878727160482464
  },
  "middle-finger-phalanx-proximal": {
    "x": 0.001725889695629812,
    "y": -0.0025431396664722383,
    "z": -0.09564660642711553
  },
  "middle-finger-phalanx-intermediate": {
    "x": 0.00011403315137270553,
    "y": -0.04420299904675534,
    "z": -0.1058734119164556
  },
  "middle-finger-phalanx-distal": {
    "x": 0.0056223623023125,
    "y": -0.04525010411229197,
    "z": -0.07890044388682627
  },
  "middle-finger-tip": {
    "x": 0.01113255899618626,
    "y": -0.02639490108745468,
    "z": -0.06344871292638032
  },
  "ring-finger-metacarpal": {
    "x": -0.008265818786116985,
    "y": -0.009419829161988358,
    "z": -0.03790714849296717
  },
  "ring-finger-phalanx-proximal": {
    "x": -0.01746524904721336,
    "y": -0.006529305762233373,
    "z": -0.08869378713018083
  },
  "ring-finger-phalanx-intermediate": {
    "x": -0.015192447760026817,
    "y": -0.04484090074211827,
    "z": -0.09560413349018826
  },
  "ring-finger-phalanx-distal": {
    "x": -0.008108919459743014,
    "y": -0.04489171581303664,
    "z": -0.06999229471271484
  },
  "ring-finger-tip": {
    "x": -0.005007360369395308,
    "y": -0.023411343466307633,
    "z": -0.05888428133926704
  },
  "pinky-finger-metacarpal": {
    "x": -0.022998584211721962,
    "y": -0.00941983166962923,
    "z": -0.03407355377391752
  },
  "pinky-finger-phalanx-proximal": {
    "x": -0.035054073526741614,
    "y": -0.013691182084468012,
    "z": -0.07789584373964065
  },
  "pinky-finger-phalanx-intermediate": {
    "x": -0.028375897941744443,
    "y": -0.04270692601913678,
    "z": -0.08546111279019242
  },
  "pinky-finger-phalanx-distal": {
    "x": -0.020895357494191913,
    "y": -0.04288805525003897,
    "z": -0.0665782955644274
  },
  "pinky-finger-tip": {
    "x": -0.01761844891843667,
    "y": -0.024448833084712296,
    "z": -0.05511583373594753
  }
}
