{"wrist":{"x":0,"y":2.7755575615628907e-17,"z":0},"thumb-metacarpal":{"x":-0.02125197201334583,"y":-0.02461450128352915,"z":-0.038273601061529765},"thumb-phalanx-proximal":{"x":-0.026727720409193682,"y":-0.04699642474685094,"z":-0.061211664542683994},"thumb-phalanx-distal":{"x":-0.011047075446143194,"y":-0.0625704305942348,"z":-0.0867761108999645},"thumb-tip":{"x":0.008290776446041313,"y":-0.06959638514831516,"z":-0.10029992455543732},"index-finger-metacarpal":{"x":-0.0158844935582198,"y":-0.009419831078305461,"z":-0.041028163888337625},"index-finger-phalanx-proximal":{"x":-0.023550676381385964,"y":-0.007316460191165245,"z":-0.09599624463846054},"index-finger-phalanx-intermediate":{"x":-0.0257559546702436,"y":-0.011170625002797778,"z":-0.13366273281895433},"index-finger-phalanx-distal":{"x":-0.02662897114784856,"y":-0.022469590164253175,"z":-0.15516245861510766},"index-finger-tip":{"x":-0.025970962433776494,"y":-0.032537545651396126,"z":-0.1751489398500847},"middle-finger-metacarpal":{"x":-0.003259141086842109,"y":-0.009419841382244052,"z":-0.04087874894907017},"middle-finger-phalanx-proximal":{"x":-0.0017259124026237078,"y":-0.002543163025673367,"z":-0.09564663746465871},"middle-finger-phalanx-intermediate":{"x":0.0013987818734753075,"y":-0.03993311634731272,"z":-0.11650220219580074},"middle-finger-phalanx-distal":{"x":-0.0031291485565274604,"y":-0.05370708214789845,"z":-0.09307662940219329},"middle-finger-tip":{"x":-0.009779211201404568,"y":-0.03833324656938752,"z":-0.07452786371743113},"ring-finger-metacarpal":{"x":0.008265809476606321,"y":-0.009419835650796486,"z":-0.03790715007157152},"ring-finger-phalanx-proximal":{"x":0.017465241993900784,"y":-0.00652932378995341,"z":-0.08869382111815681},"ring-finger-phalanx-intermediate":{"x":0.018009910115282742,"y":-0.04225509354356743,"z":-0.1043163971964349},"ring-finger-phalanx-distal":{"x":0.009437397738716767,"y":-0.056135974691245524,"z":-0.08334075068017631},"ring-finger-tip":{"x":0.0028124043765964664,"y":-0.04203071712919675,"z":-0.06459073040585327},"pinky-finger-metacarpal":{"x":0.022998569793487963,"y":-0.009419837587803263,"z":-0.034073563082457896},"pinky-finger-phalanx-proximal":{"x":0.03505406406907385,"y":-0.013691177559597447,"z":-0.07789584247923163},"pinky-finger-phalanx-intermediate":{"x":0.04610829511393016,"y":-0.02659305852205656,"z":-0.10349057438843265},"pinky-finger-phalanx-distal":{"x":0.05413002022305301,"y":-0.036834500759503445,"z":-0.11908922429374999},"pinky-finger-tip":{"x":0.06139202712185586,"y":-0.046275257149322506,"z":-0.13753546435281058}}