{
  "wrist": {
    "x": -5.551115123125783e-17,
    "y": -1.0408340855860843e-17,
    "z": 1.1102230246251565e-16
  },
  "thumb-metacarpal": {
    "x": -0.030104030033981988,
    "y": -0.016276698802338712,
    "z": -0.03459147831099074
  },
  "thumb-phalanx-proximal": {
    "x": -0.047955166665254234,
    "y": -0.01403426664556524,
    "z": -0.0616727423502218
  },
  "thumb-phalanx-distal": {
    "x": -0.054160630790512365,
    "y": -0.014402372007217456,
    "z": -0.09488919415882946
  },
  "thumb-tip": {
    "x": -0.061504365137861894,
    "y": -0.015951565554922425,
    "z": -0.1183386749524099
  },
  "index-finger-metacarpal": {
    "x": -0.01588449517242929,
    "y": -0.009419840825095154,
    "z": -0.04102818648357687
  },
  "index-finger-phalanx-proximal": {
    "x": -0.023550673839106362,
    "y": -0.007316448368915301,
    "z": -0.0959962311178183
  },
  "index-finger-phalanx-intermediate": {
    "x": -0.023602701202086296,
    "y": -0.0021556615726831922,
    "z": -0.1335707448459188
  },
  "index-finger-phalanx-distal": {
    "x": -0.023280861745295756,
    "y": -0.0008895787822077554,
    "z": -0.15783928380288847
  },
  "index-finger-tip": {
    "x": -0.021512998345576184,
    "y": 0.0006603276197007409,
    "z": -0.18010433705747053
  },
  "middle-finger-metacarpal": {
    "x": -0.0032591478052316214,
    "y": -0.009419835731541381,
    "z": -0.04087873368543249
  },
  "middle-finger-phalanx-proximal": {
    "x": -0.0017259102246298674,
    "y": -0.002543159722971266,
    "z": -0.09564661267902541
  },
  "middle-finger-phalanx-intermediate": {
    "x": -0.0021977253334459768,
    "y": 0.001094531324073434,
    "z": -0.13841661389007143
  },
  "middle-finger-phalanx-distal": {
    "x": -0.002266651770591932,
    "y": 0.003279255568121354,
    "z": -0.16587931707009063
  },
  "middle-finger-tip": {
    "x": -0.0013277253348597529,
    "y": 0.010728168340193623,
    "z": -0.18971771624152078
  },
  "ring-finger-metacarpal": {
    "x": 0.008265801125007743,
    "y": -0.00941984101641567,
    "z": -0.037907160435069365
  },
  "ring-finger-phalanx-proximal": {
    "x": 0.017465254492559867,
    "y": -0.006529299220136713,
    "z": -0.08869377344347007
  },
  "ring-finger-phalanx-intermediate": {
    "x": 0.03230148152856768,
    "y": -0.007567255335584926,
    "z": -0.1247424492515522
  },
  "ring-finger-phalanx-distal": {
    "x": 0.042241351803220945,
    "y": -0.010195089089412256,
    "z": -0.1492462826423827
  },
  "ring-finger-tip": {
    "x": 0.04981684322555685,
    "y": -0.014674788865613724,
    "z": -0.171983050671782
  },
  "pinky-finger-metacarpal": {
    "x": 0.022998564319227588,
    "y": -0.009419843158491408,
    "z": -0.03407357930072885
  },
  "pinky-finger-phalanx-proximal": {
    "x": 0.03505406491698029,
    "y": -0.013691182521609013,
    "z": -0.07789588165051886
  },
  "pinky-finger-phalanx-intermediate": {
    "x": 0.04601893687060174,
    "y": -0.012330654712348326,
    "z": -0.1065605588679791
  },
  "pinky-finger-phalanx-distal": {
    "x": 0.054453224219547514,
    "y": -0.013154387593871563,
    "z": -0.12501959022069864
  },
  "pinky-finger-tip": {
    "x": 0.062016841631919895,
    "y": -0.011186804935603294,
    "z": -0.14553910365446854
  }
}
