{
  "wrist": { "x": 1.1102230246251565e-16, "y": 2.7755575615628914e-17, "z": 0 },
  "thumb-metacarpal": {
    "x": 0.028866842164087858,
    "y": -0.018111304572558662,
    "z": -0.03547006214317494
  },
  "thumb-phalanx-proximal": {
    "x": 0.04718442499797493,
    "y": -0.02739024522730521,
    "z": -0.060678340362149474
  },
  "thumb-phalanx-distal": {
    "x": 0.06709588440902203,
    "y": -0.03177331825133212,
    "z": -0.08762824653560686
  },
  "thumb-tip": {
    "x": 0.08865897515192822,
    "y": -0.03389862156469861,
    "z": -0.0993211604147155
  },
  "index-finger-metacarpal": {
    "x": 0.01588448656644581,
    "y": -0.00941982949007883,
    "z": -0.041028161107745875
  },
  "index-finger-phalanx-proximal": {
    "x": 0.02355067375852249,
    "y": -0.007316447950056787,
    "z": -0.0959962354467766
  },
  "index-finger-phalanx-intermediate": {
    "x": 0.030859458104707915,
    "y": -0.002100685561344323,
    "z": -0.13284538595088724
  },
  "index-finger-phalanx-distal": {
    "x": 0.03525912250346941,
    "y": -0.0009127773036242681,
    "z": -0.15671795264333088
  },
  "index-finger-tip": {
    "x": 0.037867544551523524,
    "y": 0.0001616722075377386,
    "z": -0.17892833104189143
  },
  "middle-finger-metacarpal": {
    "x": 0.0032591322574491155,
    "y": -0.009419821993005006,
    "z": -0.04087871784734831
  },
  "middle-finger-phalanx-proximal": {
    "x": 0.001725900007208181,
    "y": -0.002543155175840056,
    "z": -0.0956465995273943
  },
  "middle-finger-phalanx-intermediate": {
    "x": -0.004844641191881549,
    "y": -0.007329313400522591,
    "z": -0.13779690253608323
  },
  "middle-finger-phalanx-distal": {
    "x": -0.008934861599546484,
    "y": -0.01580169694643621,
    "z": -0.16369033138983502
  },
  "middle-finger-tip": {
    "x": -0.013006384429826379,
    "y": -0.023349224969025195,
    "z": -0.1871657169668719
  },
  "ring-finger-metacarpal": {
    "x": -0.008265825923756576,
    "y": -0.00941982584141271,
    "z": -0.03790713015544356
  },
  "ring-finger-phalanx-proximal": {
    "x": -0.017465237065505623,
    "y": -0.006529309744731676,
    "z": -0.08869381030452939
  },
  "ring-finger-phalanx-intermediate": {
    "x": -0.024340742316564135,
    "y": -0.02232845725338417,
    "z": -0.12367679524756037
  },
  "ring-finger-phalanx-distal": {
    "x": -0.017664332576957764,
    "y": -0.04669971810302248,
    "z": -0.11545408200160467
  },
  "ring-finger-tip": {
    "x": -0.009174951347004412,
    "y": -0.045213031204058785,
    "z": -0.09264766090384358
  },
  "pinky-finger-metacarpal": {
    "x": -0.02299856261381117,
    "y": -0.009419844437552671,
    "z": -0.034073572161651744
  },
  "pinky-finger-phalanx-proximal": {
    "x": -0.03505405875903128,
    "y": -0.01369118647200801,
    "z": -0.07789585780535024
  },
  "pinky-finger-phalanx-intermediate": {
    "x": -0.03975634423547436,
    "y": -0.027408655794270737,
    "z": -0.10497838810728322
  },
  "pinky-finger-phalanx-distal": {
    "x": -0.031032095874264365,
    "y": -0.04479911414905971,
    "z": -0.09914646241599712
  },
  "pinky-finger-tip": {
    "x": -0.0207327758772341,
    "y": -0.04106578435350114,
    "z": -0.08011709553839297
  }
}
