{
  "wrist": { "x": -1.1102230246251563e-16, "y": 2.081668171172168e-17, "z": 0 },
  "thumb-metacarpal": {
    "x": 0.02886024243998985,
    "y": -0.018120100627848468,
    "z": -0.035474226289212034
  },
  "thumb-phalanx-proximal": {
    "x": 0.04618247106882933,
    "y": -0.020555727510318735,
    "z": -0.06288039049739545
  },
  "thumb-phalanx-distal": {
    "x": 0.06539972153266681,
    "y": -0.017075816319409153,
    "z": -0.09045862902194944
  },
  "thumb-tip": {
    "x": 0.08656090183484631,
    "y": -0.013957162816939962,
    "z": -0.10265245317806979
  },
  "index-finger-metacarpal": {
    "x": 0.015884483933148116,
    "y": -0.009419834913219365,
    "z": -0.0410281529334413
  },
  "index-finger-phalanx-proximal": {
    "x": 0.02355070221491095,
    "y": -0.007316465772123621,
    "z": -0.09599624750332722
  },
  "index-finger-phalanx-intermediate": {
    "x": 0.015911680110353484,
    "y": -0.024349895567039852,
    "z": -0.12901121593607576
  },
  "index-finger-phalanx-distal": {
    "x": 0.010705390243450628,
    "y": -0.03567210639601733,
    "z": -0.14987669887209162
  },
  "index-finger-tip": {
    "x": 0.0041836085429366445,
    "y": -0.04211516715500161,
    "z": -0.17030250367258723
  },
  "middle-finger-metacarpal": {
    "x": 0.003259137740176498,
    "y": -0.009419831650738045,
    "z": -0.040878723279511135
  },
  "middle-finger-phalanx-proximal": {
    "x": 0.0017259256513707517,
    "y": -0.002543157689296412,
    "z": -0.09564663036447993
  },
  "middle-finger-phalanx-intermediate": {
    "x": 0.0007434587165877635,
    "y": -0.045285614681943274,
    "z": -0.09949938456118376
  },
  "middle-finger-phalanx-distal": {
    "x": 0.008386124740957011,
    "y": -0.047257868838690306,
    "z": -0.07310470121427591
  },
  "middle-finger-tip": {
    "x": 0.015375869563796992,
    "y": -0.02849745342629972,
    "z": -0.0581438564226887
  },
  "ring-finger-metacarpal": {
    "x": -0.008265831407301414,
    "y": -0.00941983142248608,
    "z": -0.03790713500647435
  },
  "ring-finger-phalanx-proximal": {
    "x": -0.017465238560394055,
    "y": -0.006529311818645278,
    "z": -0.08869380143032678
  },
  "ring-finger-phalanx-intermediate": {
    "x": -0.013652131501809436,
    "y": -0.04530623798538393,
    "z": -0.08711071554019932
  },
  "ring-finger-phalanx-distal": {
    "x": -0.004714256354540035,
    "y": -0.04564830635059155,
    "z": -0.0620878711143784
  },
  "ring-finger-tip": {
    "x": 0.0008805246779849394,
    "y": -0.026608024303074827,
    "z": -0.04792528698837027
  },
  "pinky-finger-metacarpal": {
    "x": -0.02299859454649855,
    "y": -0.009419833382001733,
    "z": -0.034073543337452154
  },
  "pinky-finger-phalanx-proximal": {
    "x": -0.03505406510590458,
    "y": -0.013691181891347298,
    "z": -0.077895856980266
  },
  "pinky-finger-phalanx-intermediate": {
    "x": -0.02677352722643255,
    "y": -0.043253716990843176,
    "z": -0.07900608889529813
  },
  "pinky-finger-phalanx-distal": {
    "x": -0.018750470018215056,
    "y": -0.044576630381568665,
    "z": -0.060393387796198614
  },
  "pinky-finger-tip": {
    "x": -0.012185837711858102,
    "y": -0.03044508830805875,
    "z": -0.04492289937436688
  }
}
