{
  "wrist": {
    "x": 5.551115123125784e-17,
    "y": -2.081668171172169e-17,
    "z": -1.1102230246251568e-16
  },
  "thumb-metacarpal": {
    "x": -0.019685887567550357,
    "y": -0.025399183397979475,
    "z": -0.038549555859411895
  },
  "thumb-phalanx-proximal": {
    "x": -0.022718318421301457,
    "y": -0.04843984914949676,
    "z": -0.061287669105692846
  },
  "thumb-phalanx-distal": {
    "x": -0.0047950170096277564,
    "y": -0.06310559596079197,
    "z": -0.08589753952646063
  },
  "thumb-tip": {
    "x": 0.014786604664492612,
    "y": -0.0698744162857906,
    "z": -0.09919988865216126
  },
  "index-finger-metacarpal": {
    "x": -0.015884495947870062,
    "y": -0.009419831171317722,
    "z": -0.041028173890208304
  },
  "index-finger-phalanx-proximal": {
    "x": -0.02355068148458634,
    "y": -0.007316456254852078,
    "z": -0.09599623475814104
  },
  "index-finger-phalanx-intermediate": {
    "x": -0.025185232119432417,
    "y": -0.009894310774229193,
    "z": -0.1338004585723073
  },
  "index-finger-phalanx-distal": {
    "x": -0.025771797892460376,
    "y": -0.019302559004710642,
    "z": -0.15620156232181617
  },
  "index-finger-tip": {
    "x": -0.02482557639069178,
    "y": -0.02623907923225363,
    "z": -0.17746770389650304
  },
  "middle-finger-metacarpal": {
    "x": -0.0032591430219164894,
    "y": -0.009419834192909671,
    "z": -0.0408787491250835
  },
  "middle-finger-phalanx-proximal": {
    "x": -0.001725901230544891,
    "y": -0.0025431502508703675,
    "z": -0.09564660267526584
  },
  "middle-finger-phalanx-intermediate": {
    "x": 0.008708845370521247,
    "y": -0.005128805933196334,
    "z": -0.13720568701310612
  },
  "middle-finger-phalanx-distal": {
    "x": 0.01564069116693018,
    "y": -0.006731224737476527,
    "z": -0.16382076967515027
  },
  "middle-finger-tip": {
    "x": 0.022661674773100385,
    "y": -0.004028309659659939,
    "z": -0.1876542434312522
  },
  "ring-finger-metacarpal": {
    "x": 0.008265816054471688,
    "y": -0.00941982593236595,
    "z": -0.03790713716098327
  },
  "ring-finger-phalanx-proximal": {
    "x": 0.017465241059056173,
    "y": -0.006529301964265427,
    "z": -0.08869381489613572
  },
  "ring-finger-phalanx-intermediate": {
    "x": 0.025387060579004868,
    "y": -0.03217791435129641,
    "z": -0.11697965056548701
  },
  "ring-finger-phalanx-distal": {
    "x": 0.017412852685337158,
    "y": -0.05537628340519716,
    "z": -0.10676232118931564
  },
  "ring-finger-tip": {
    "x": 0.006028274349164477,
    "y": -0.06667713448473479,
    "z": -0.08840216547990133
  },
  "pinky-finger-metacarpal": {
    "x": 0.022998586704348182,
    "y": -0.009419822460775879,
    "z": -0.034073548884567824
  },
  "pinky-finger-phalanx-proximal": {
    "x": 0.03505406924495542,
    "y": -0.013691183328033315,
    "z": -0.07789584967970366
  },
  "pinky-finger-phalanx-intermediate": {
    "x": 0.03350324112424625,
    "y": -0.037506417564596134,
    "z": -0.09723944762334871
  },
  "pinky-finger-phalanx-distal": {
    "x": 0.02621242715771866,
    "y": -0.05570713920600196,
    "z": -0.09193570123936713
  },
  "pinky-finger-tip": {
    "x": 0.014340795557998557,
    "y": -0.06872512342866029,
    "z": -0.07883124469110016
  }
}
